uuid,code,country_en,country_es
d75b72c5-76ae-41a8-a7e1-d90c8a0a733e,AF,Afghanistan,Afganistán
a0096233-8b91-4cbd-a812-b414b345193c,AL,Albania,Albania
e1325249-e55b-4a2b-9407-120e87c5e644,DZ,Algeria,Argelia
91902f8d-6580-4735-9111-d671cedb80cc,AD,Andorra,Andorra
95d6d422-8ec6-4506-a8dc-7d5f733f0424,AO,Angola,Angola
63e814cb-9955-4891-8ea3-e7eef690e08a,AR,Argentina,Argentina
9c9a9dfa-0ebb-4bbc-a32a-a81e48eaf89e,AM,Armenia,Armenia
28fbfdd8-46fe-4d74-82d0-b51e15387123,AU,Australia,Australia
71aa954f-936e-47d3-a72d-01d3893812f1,AT,Austria,Austria
4b6d7a14-f604-444b-8284-a891c47ff71f,AZ,Azerbaijan,Azerbaiyán
0bbb2120-6974-442f-8d8c-b18616d84a16,BS,Bahamas,Bahamas
73eed792-ae1b-49ad-ad9f-76731feb93c7,BH,Bahrain,Baréin
f8eec468-2bef-4ee2-ae11-a6568904a95c,BD,Bangladesh,Bangladés
56d9913d-476a-4dc7-bf17-1658950d0c3b,BB,Barbados,Barbados
ba57f40d-81c8-414f-90b1-9d7721978a73,BY,Belarus,Bielorrusia
9ceb6396-06e4-44cc-9f32-a6ef96162786,BE,Belgium,Bélgica
fd9688cc-307d-455d-9310-0d848808939b,BZ,Belize,Belice
94bf3408-4251-433b-b7b3-a128e91243ea,BJ,Benin,Benín
33fc2c9a-74f6-45cb-bc66-aaf1bf584ede,BT,Bhutan,Bután
4ee3bc9f-afcb-4d2b-b023-65b118381c9c,BO,Bolivia,Bolivia
21a25ee0-77a4-41d6-b06d-5e8fe4ff4482,BA,Bosnia and Herzegovina,Bosnia y Herzegovina
85592092-e434-419a-8196-71c203cac42a,BW,Botswana,Botsuana
d19a9467-efeb-431d-ab2a-9e8e39fdb070,BR,Brazil,Brasil
bad37bfa-ac1f-493a-8d9a-328cbb61f4cf,BN,Brunei,Brunei
74dd3521-ef74-4e32-9d20-b26124447376,BG,Bulgaria,Bulgaria
e4893f22-0743-4801-8729-4242844b82ef,BF,Burkina Faso,Burkina Faso
ada110a6-85fc-465c-8f3a-a7cf9ed81ab1,BI,Burundi,Burundi
1e1f152a-b43e-432e-9875-705ac99c0759,KH,Cambodia,Camboya
f160d6d9-81a1-4e34-bf14-242fbfa41c9d,CM,Cameroon,Camerún
4bdcd706-9cea-40dc-aad6-cec4080dac1e,CA,Canada,Canadá
c0a6122c-14ac-4d11-a39e-2d3cdec05b40,CV,Cape Verde,Cape Verde
5a47b08c-20cd-410e-80a4-47267c872dfc,CF,Central African Republic,República Centroafricana
b6749269-ff33-4c58-94d0-9ddee11b6353,TD,Chad,Chad
3e1f3d7b-d893-4c66-b6a3-61f34e0a7b53,CL,Chile,Chile
693af3af-f246-44e0-ac7e-2671563562ca,CN,China,China
bd9d1902-65e5-4438-ac8c-b053460a6b87,CO,Colombia,Colombia
b105797b-bb01-4e46-b835-c1e82e4980c2,KM,Comoros,Comoras
ebcc2ed6-fe92-4701-b3b1-6e7cf9766432,CG,Congo (Brazzaville),Congo (Brazzaville)
f6be58ec-8787-4a38-833e-b1441425b75c,CD,Congo (Kinshasa),Congo (Kinshasa)
bcb54d5c-2936-4488-9226-d2fca8b94394,CR,Costa Rica,Costa Rica
497be15a-ceb3-41bf-9ab3-0443d1c6133f,HR,Croatia,Croacia
943a347f-dc72-4fb6-8158-063730bd4d3c,CU,Cuba,Cuba
74567a2e-ad32-47b1-b8bf-ff6f92efc49a,CY,Cyprus,Chipre
550db055-fefc-4f73-aa95-75751cde6edd,CZ,Czech Republic,Chequia
722079c4-4360-4f51-96d4-dbe411d20711,DK,Denmark,Dinamarca
3441c693-8d6e-43ec-a861-5938ac0b0c13,DJ,Djibouti,Yibuti
bc4c67ad-1f9c-493d-9667-1f031a74c955,DM,Dominica,Dominica
039246a7-0b81-4368-a171-50bfd315ca05,DO,Dominican Republic,República Dominicana
dbd02f00-250f-48a1-afb5-667e16be9eb7,EC,Ecuador,Ecuador
ac09518a-d192-4af7-a2f2-5a6c02280ed3,EG,Egypt,Egipto
2ab21479-2444-43c8-adb0-fd72aa5a5e57,SV,El Salvador,El Salvador
add1e6e5-553c-499d-b338-c3969015a6ff,GQ,Equatorial Guinea,Guinea Ecuatorial
9dcf185f-7a9b-4813-94c1-4523639d9e6b,ER,Eritrea,Eritrea
f1c3b9f5-6aef-4e6e-aa8a-ded41f19261f,EE,Estonia,Estonia
7b6068ce-aa6b-46c9-9ce1-a1fdb0986ab5,SZ,Eswatini,Esuatini
ac1c4369-97b8-42c1-8231-b05da7e79b89,ET,Ethiopia,Etiopía
c53af97b-fa96-47e9-9c2b-12b93aa12df6,FJ,Fiji,Fiyi
92ec0b09-bb1e-4991-b73e-77205e9b8490,FI,Finland,Finlandia
994a890b-68f4-4cc7-9f60-c8d9bcb2b609,FR,France,Francia
03db7bfa-82b0-4751-9330-dc0ea304f45d,GA,Gabon,Gabón
c3699379-3b3b-4167-822f-12d165ed7a5b,GM,Gambia,Gambia
696a5909-3b40-4290-b9bd-8509fe0e8324,GE,Georgia,Georgia
07a2038b-f526-48ac-a77a-a45035114132,DE,Germany,Alemania
c5409314-d245-4037-b63d-b3bb7bda2b80,GH,Ghana,Ghana
5991e582-a0cf-4056-abfe-0e82989f22d6,GR,Greece,Grecia
2e179461-77c6-4eb3-9839-697966787568,GD,Grenada,Granada
4c5e7ee6-0eed-4e22-9e32-67503dd61a8a,GT,Guatemala,Guatemala
d545e16c-6d6d-4cdc-9cec-ef2e95fa04ba,GN,Guinea,Guinea
0518e97c-9348-48ee-ba16-f45e8fa0d491,GW,Guinea-Bissau,Guinea-Bisáu
67891395-187e-424e-907a-dfe59124d290,GY,Guyana,Guyana
855fc895-a895-49d9-82d4-669b0717c8ef,HT,Haiti,Haití
24ab9250-0823-4627-9cbe-2b1725b6c252,HN,Honduras,Honduras
76afca12-8eb6-47e1-9cbc-e29d434373eb,HU,Hungary,Hungría
1cc92293-6eab-4577-b4a9-527ffc9a012a,IS,Iceland,Islandia
8e9b2d4c-db66-4267-85b4-3f4e8f8b29e1,IN,India,India
5c25fddf-9a5d-43c8-a5f7-1857fd227081,ID,Indonesia,Indonesia
4a72717c-db1e-4f38-83d5-bcea60f075d4,IR,Iran,Iran
f86df779-8da1-4011-8f51-b33d5fdce5df,IQ,Iraq,Irak
f90bc554-c26a-4b1a-b8d8-77963fe536f5,IE,Ireland,Irlanda
5cb67e3c-a49b-4b0b-9b81-932cace38606,IL,Israel,Israel
b72578f6-38d7-43cf-8bcd-9d0b2a87b0ec,IT,Italy,Italia
0f39f101-b8e1-4d8a-a0ca-057163658922,JM,Jamaica,Jamaica
667a6008-affc-40db-9ea1-ec58b1121ad6,JP,Japan,Japón
4ef3dea6-2344-423b-b57e-047fda7bb3fa,JO,Jordan,Jordania
a418f164-04dc-450b-a6fa-0f0205058f11,KZ,Kazakhstan,Kazajistán
c5db9577-e762-42a1-ab9a-de12a5cb8d7f,KE,Kenya,Kenia
f26cc85a-2cb4-4ce0-9c45-4fe8f5e8e531,KI,Kiribati,Kiribati
18ef3f29-609f-4598-b005-95857f34affc,KW,Kuwait,Kuwait
6b5f183a-8930-4759-a1fa-2af2e2c510d3,KG,Kyrgyzstan,Kirguistán
6d53f644-32ea-4234-aabc-1fecd4d452c7,LA,Laos,Laos
3b96a646-b838-4107-a633-fd8314f7e0e5,LV,Latvia,Letonia
5c27035e-1060-4008-bd9c-0ce33890c48a,LB,Lebanon,Líbano
bde54bb0-88ca-490b-8225-577479e5258d,LS,Lesotho,Lesoto
f9799f77-c50d-45dd-88ba-3878004d7902,LR,Liberia,Liberia
ee9dc169-11e4-4a44-ae70-6a9911379d84,LY,Libya,Libia
402e0f03-684d-4790-9332-e035f8fd8ced,LI,Liechtenstein,Liechtenstein
6881e896-0eb1-40ee-9f8a-6efdb886724b,LT,Lithuania,Lituania
b0137b76-38b2-465a-858e-5fe384a4ed67,LU,Luxembourg,Luxemburgo
c71a8d18-e392-4b4d-bc96-d03001a3ea83,MG,Madagascar,Madagascar
59e0cfb3-f5bc-469b-9f55-7adad514666f,MW,Malawi,Malaui
edcd0393-77c1-43ca-a327-bbbd67972c27,MY,Malaysia,Malasia
3db2559f-db9a-4a0e-8a45-e06da3afb6a1,MV,Maldives,Maldivas
49764ab5-bdbb-4da2-9974-6ca1f1960009,ML,Mali,Mali
10695c91-1bd7-4dd9-9e66-0933bea3cff7,MT,Malta,Malta
a6e8bb33-d633-440a-a71f-5406e959e782,MH,Marshall Islands,Islas Marshall
f83db996-43ea-4ff8-8c90-d61f10d30116,MR,Mauritania,Mauritania
1d96a9be-dbba-468c-80ba-c2d9a3754c17,MU,Mauritius,Mauricio
236390ec-9bc4-424a-9be8-19020867a04b,MX,Mexico,México
35e5e0db-9d77-43eb-bfad-9a8141924db2,FM,Micronesia,Micronesia
97ed82f3-b726-4288-8090-319a7c66257e,MD,Moldova,Moldavia
1b2ce6c1-dc0a-4c7a-b14b-ac651ba1fcb3,MC,Monaco,Mónaco
7c6419c0-e22a-438a-9747-a1301f18bb0d,MN,Mongolia,Mongolia
15b7042d-8e59-4e30-9a6d-0afbccf11460,ME,Montenegro,Montenegro
ff49a651-2cd6-446a-8307-c83541fcaf25,MA,Morocco,Marruecos
57e0c708-69ee-4452-b0e0-d5b43958b016,MZ,Mozambique,Mozambique
e7ecd2a8-5547-402e-90ed-ce2abc88cdc9,MM,Myanmar,Myanmar (Birmania)
6ebda4f4-fd1d-4e98-99b8-2aa20c311d19,NA,Namibia,Namibia
c91e4aa4-bf22-43a5-b4e1-24988075dbda,NR,Nauru,Nauru
e399c4bb-3ecc-48e5-8a73-aebaf0b93bad,NP,Nepal,Nepal
3a673e9a-1723-47bc-affa-c6800866e735,NL,Netherlands,Países Bajos
1d679b6c-5199-4186-ac07-fbd749c5d616,NZ,New Zealand,Nueva Zelanda
bce416d4-5cf1-4d81-b9d6-d982d3da825b,NI,Nicaragua,Nicaragua
e6a417a3-0674-468b-9f18-a3022568fb57,NE,Niger,Níger
1705f55e-acd7-496e-ad2e-9c0b1e795af2,NG,Nigeria,Nigeria
7e0da6af-17b1-47a7-8fa0-deb31e112d4d,KP,North Korea,North Korea
023bcb0f-8482-4a9b-be00-3326c18c565f,MK,North Macedonia,Macedonia del Norte
4583afa1-60f6-4dda-a996-7dc7f94efa13,NO,Norway,Noruega
91de9587-6244-4579-a6e8-e94560210c0d,OM,Oman,Omán
6ed714f5-d279-49e1-b24e-2db1268cc014,PK,Pakistan,Pakistán
ef8aff48-f9c6-4895-9e04-0a130a554836,PW,Palau,Palaos
d49dbf04-c1f3-4c5e-9da2-edd7ed0e9890,PA,Panama,Panamá
00cf0fc2-7036-4b40-9005-a8b779143580,PG,Papua New Guinea,Papúa Nueva Guinea
426c27a4-be58-41e3-a6ce-6886d3e8d645,PY,Paraguay,Paraguay
1f790372-1118-49dc-a8f6-c442bc63e10f,PE,Peru,Perú
ea264b2e-c838-4e29-be04-d7cc90b21694,PH,Philippines,Filipinas
a4698d57-fdb3-4a00-a5a6-e2fedb5faa64,PL,Poland,Polonia
f20592d5-8fd4-4727-8372-a25618a8346d,PT,Portugal,Portugal
9e99f01b-af18-4982-be19-65671a9a923b,QA,Qatar,Catar
351b5f76-5377-4987-bb96-0bc53f89504c,RO,Romania,Rumanía
81c46748-f098-43e0-bede-52b68ab3a8d8,RU,Russia,Russia
f726b341-b6c3-4dca-9384-f90610763c61,RW,Rwanda,Ruanda
8e3bacff-0002-4f32-a903-1f9c633c8ecf,KN,Saint Kitts and Nevis,San Cristóbal y Nieves
a3534388-bbc1-4262-b98d-5375ca3c5139,LC,Saint Lucia,Santa Lucía
dac95d01-f7f8-4b51-83a1-eff39575db4c,VC,Saint Vincent and the Grenadines,San Vicente y las Granadinas
9152fb80-fc28-4d02-be3a-c973b0d7f7bf,WS,Samoa,Samoa
06a91b05-c97f-43f1-9d1d-0b51f1edee40,SM,San Marino,San Marino
7dc7f5cb-0251-4114-af50-372e7e28f5d4,ST,Sao Tome and Principe,Santo Tomé y Príncipe
56b8be8c-3712-4571-85d8-e00118ee60af,SA,Saudi Arabia,Arabia Saudí
4441fba7-e667-485f-baf3-b8b7c53677a7,SN,Senegal,Senegal
0323ee0d-d35d-4354-b09c-b2a3985dc482,RS,Serbia,Serbia
06e3db25-988b-41b2-a0df-31a92c75c624,SC,Seychelles,Seychelles
1e5102ca-c0cc-49b7-80fa-98b43687060c,SL,Sierra Leone,Sierra Leona
a8dc04a2-7f4b-4702-86fd-7821a6a64e2f,SG,Singapore,Singapur
20f6922c-890e-40bb-9670-852564e2f2b6,SK,Slovakia,Eslovaquia
7880d102-4b6b-447f-9e67-f17ca7fbe77a,SI,Slovenia,Eslovenia
e31bcea4-d671-4161-b06c-6f8dfce4d311,SB,Solomon Islands,Islas Salomón
7758ef0a-8e8a-4a25-8722-639895bfa4b2,SO,Somalia,Somalia
4be96760-f4e6-4db9-bf2e-9385184f4019,ZA,South Africa,Sudáfrica
2f06b0bf-2381-48ac-b051-79ae39ca2879,KR,South Korea,South Korea
3938daca-0491-446c-9890-62e72194e429,SS,South Sudan,Sudán del Sur
7be727c8-e23a-48a8-bde5-f199e5610cf4,ES,Spain,España
6a6f4dbb-7fec-4c68-9ef7-ddffe554961d,LK,Sri Lanka,Sri Lanka
9af7bb20-89c8-4869-bd71-28deaa5084e7,SD,Sudan,Sudán
10e58f4b-f6dc-49a3-91f4-0dd693251658,SR,Suriname,Surinam
66c681e6-d4c7-4d66-82f1-4d67c4883e4f,SE,Sweden,Suecia
eaebdd95-486d-4354-bfda-1d15d2cdd699,CH,Switzerland,Suiza
d7828a8e-11d9-4776-8fef-e5d9509b5ace,SY,Syria,Syria
f3d66407-9363-454a-afe5-773936e98e1d,TW,Taiwan,Taiwán
d102c98a-53fc-48fc-b46c-224b8818860c,TJ,Tajikistan,Tayikistán
caabbd31-6ead-478f-a6a6-4a4ab41ac81b,TZ,Tanzania,Tanzania
677ccc3c-2d57-4bda-924d-fbace010f21f,TH,Thailand,Tailandia
3f8f6cff-60a6-486d-846e-b951e63621a4,TL,Timor-Leste,Timor-Leste
dae453f3-8b94-4202-a3cd-3cf46492e995,TG,Togo,Togo
1bdae79c-7e7b-4f8c-8570-6b1d9e6e69ee,TO,Tonga,Tonga
644e9d15-0697-4a6b-9382-bd2b2728cd87,TT,Trinidad and Tobago,Trinidad y Tobago
0ddb4015-70e7-4cfc-afb2-13231ed07aec,TN,Tunisia,Túnez
20c31b44-34b3-4dda-8b9e-a33c6542ab87,TR,Turkey,Turquía
2aaa5f2a-5da5-44a9-90ec-7168b670cb2a,TM,Turkmenistan,Turkmenistán
52734e11-b75a-491a-8c41-6c57d7fd3bf1,TV,Tuvalu,Tuvalu
c786bc09-efe8-481d-be3d-fc1b69f07ca1,UG,Uganda,Uganda
98681ab0-7a51-4dee-8c4f-902d6eea17ed,UA,Ukraine,Ucrania
437f9a68-78f6-4ba3-8317-eb7d13d2e960,AE,United Arab Emirates,Emiratos Árabes Unidos
d0c4fbdf-c4fe-4bbe-a444-6a6543bf9b5a,GB,United Kingdom,Reino Unido
5c7cba46-d128-4adf-9ce8-f2a2cbe7c379,US,United States,Estados Unidos
b0bbfeee-308d-4f29-a963-b8bf207932ee,UY,Uruguay,Uruguay
6c759362-60ca-4d2e-9e35-f99224e87352,UZ,Uzbekistan,Uzbekistán
b7526210-cdab-4640-ae1a-f9c21e32dfae,VU,Vanuatu,Vanuatu
93ce1b5b-b622-4aa8-8d19-5067115918f4,VA,Vatican City,Ciudad del Vaticano
aea04cea-ed21-44a6-9178-3862fa22f54f,VE,Venezuela,Venezuela
5a04f059-f1ea-4474-9104-5f05a1f469e0,VN,Vietnam,Vietnam
7e4d196c-d64a-4865-b76b-29989f1db5a7,YE,Yemen,Yemen
895167f9-8ccb-463c-bea6-fbd7766773f0,ZM,Zambia,Zambia
044adb75-fa98-49bc-8e5a-61a35f019096,ZW,Zimbabwe,Zimbabue